rank,priority,llm_lead_score,quality_score,source,industry_label,buyer_type,platform,author,profile_url,compose_url,contact_mode,fit_tier,source_url,published_at,title,pain_point,signal_summary,sample_angle,recommended_offer,first_touch,first_message,next_action
1,P0,92,92,llm_verified,Marketing agencies,mid-stage B2B SaaS operator / marketing buyer,reddit,/u/Particular_Ebb_4872,https://www.reddit.com/user/Particular_Ebb_4872,,manual_public_source,llm_verified_customer,https://www.reddit.com/r/DigitalMarketing/comments/1tcb8mq/anyone_used_a_b2b_growth_marketing_agency_that/,2026-05-13T20:07:28+00:00,Anyone used a b2b growth marketing agency that actually cares about pipeline quality vs just volume?,付费投放成本上升，但产生的 MQL 质量变差，销售不愿跟进；已试过代理商但对方只看 CPL，不解决管道质量。,付费投放成本上升，但产生的 MQL 质量变差，销售不愿跟进；已试过代理商但对方只看 CPL，不解决管道质量。,可围绕其 ICP，交付近期公开表达需求的公司/决策人线索、来源链接、痛点摘要和低打扰触达角度，帮助销售少浪费时间在错误 MQL 上。,可围绕其 ICP，交付近期公开表达需求的公司/决策人线索、来源链接、痛点摘要和低打扰触达角度，帮助销售少浪费时间在错误 MQL 上。,看到你说 paid spend 涨了但 sales 基本不接那些 MQL，这个问题挺具体的；我可以先按你们 ICP 整理几条近期能跟进的需求帖给你看看。,看到你说 paid spend 涨了但 sales 基本不接那些 MQL，这个问题挺具体的；我可以先按你们 ICP 整理几条近期能跟进的需求帖给你看看。,"Open the source, verify recent context, rerun the copy gate if replying, then manually send at low frequency."
2,P0,92,92,llm_verified,B2B SaaS and startups,早期 B2B SaaS 创始团队,reddit,/u/varnajohn,https://www.reddit.com/user/varnajohn,,manual_public_source,llm_verified_customer,https://www.reddit.com/r/startups/comments/1stjuil/is_it_even_safe_to_use_social_media_automation/,2026-04-23T14:09:07+00:00,Is it even safe to use social media automation tools at the moment? (I will not promote),三人创始团队已有少量付费客户，但增长依赖口碑和熟人介绍；现在需要建立可预测的销售管道，同时销售负责人还要兼顾客服、QA 和日常事务，缺少稳定获客能力和执行容量。,三人创始团队已有少量付费客户，但增长依赖口碑和熟人介绍；现在需要建立可预测的销售管道，同时销售负责人还要兼顾客服、QA 和日常事务，缺少稳定获客能力和执行容量。,围绕 automated background check / HR compliance / hiring ops 场景，交付近期有相关采购、替换工具、合规审核、员工筛查需求的帖子和来源链接，减少创始人自己翻帖和筛人的时间。,围绕 automated background check / HR compliance / hiring ops 场景，交付近期有相关采购、替换工具、合规审核、员工筛查需求的帖子和来源链接，减少创始人自己翻帖和筛人的时间。,看你们三个人还要兼顾支持和 QA，销售管道这块确实容易卡住。我这边刚好在整理 background check / HR 风控相关的近期求助和采购线索，可以先丢几条你看看方向。,看你们三个人还要兼顾支持和 QA，销售管道这块确实容易卡住。我这边刚好在整理 background check / HR 风控相关的近期求助和采购线索，可以先丢几条你看看方向。,"Open the source, verify recent context, rerun the copy gate if replying, then manually send at low frequency."
3,P0,91,91,llm_verified,Legal and accounting,new solo/small PI law firm owner,reddit,/u/kinglucktsui,https://www.reddit.com/user/kinglucktsui,,manual_public_source,llm_verified_customer,https://www.reddit.com/r/Lawyertalk/comments/1suiaxv/pi_attorneys_how_are_you_actually_getting_cases/,2026-04-24T15:04:06+00:00,PI attorneys — how are you actually getting cases?,刚开加州 PI 律所，正在找真实案件来源，对 SEO、LSA、代理、intake service 等获客投入是否有效有强烈疑问。,刚开加州 PI 律所，正在找真实案件来源，对 SEO、LSA、代理、intake service 等获客投入是否有效有强烈疑问。,可提供公开平台上加州事故、保险理赔、伤害索赔相关求助帖的来源链接、帖子号、痛点摘要和适合律师安全切入的回复角度。,可提供公开平台上加州事故、保险理赔、伤害索赔相关求助帖的来源链接、帖子号、痛点摘要和适合律师安全切入的回复角度。,Saw your post about getting PI cases as a new shop — I’ve been tracking a few public threads where CA injury questions pop up. Could send a couple examples if helpful.,Saw your post about getting PI cases as a new shop — I’ve been tracking a few public threads where CA injury questions pop up. Could send a couple examples if helpful.,"Open the source, verify recent context, rerun the copy gate if replying, then manually send at low frequency."
4,P0,91,91,llm_verified,Local services,本地服务公司老板/经营者,reddit,/u/ponderingpixi17,https://www.reddit.com/user/ponderingpixi17,,manual_public_source,llm_verified_customer,https://www.reddit.com/r/sweatystartup/comments/1qt0db4/scaling_past_referrals_has_anyone_successfully/,2026-02-01T14:48:54+00:00,"Scaling past referrals: Has anyone successfully used a ""performance-based"" marketing vendor?",外墙清洗业务进入第 3 年，想加第二辆车，但转介绍不够，需要稳定线索；对固定月费代理商不信任，担心投入后电话不响。,外墙清洗业务进入第 3 年，想加第二辆车，但转介绍不够，需要稳定线索；对固定月费代理商不信任，担心投入后电话不响。,可围绕本地房主清洗需求、社区求推荐帖、季节性外墙/屋顶/车道清洗需求，交付可跟进来源和安全开场角度。,可围绕本地房主清洗需求、社区求推荐帖、季节性外墙/屋顶/车道清洗需求，交付可跟进来源和安全开场角度。,你说想从转介绍往外走这点很真实，我最近也在看外墙清洗这类本地需求，发现有些帖子其实挺适合直接跟进。,你说想从转介绍往外走这点很真实，我最近也在看外墙清洗这类本地需求，发现有些帖子其实挺适合直接跟进。,"Open the source, verify recent context, rerun the copy gate if replying, then manually send at low frequency."
5,P0,90,90,llm_verified,Restaurants and hospitality,B2B data analytics / Power BI consultancy founder or builder,reddit,/u/Sajid_therock,https://www.reddit.com/user/Sajid_therock,,manual_public_source,llm_verified_customer,https://www.reddit.com/r/smallbusiness/comments/1tfgwm6/what_marketing_strategy_would_you_focus_on_first/,2026-05-17T05:59:48+00:00,What marketing strategy would you focus on first for a new Power BI consultancy?,"New consultancy has no clients yet, small budget, and is overwhelmed by too many acquisition channels such as LinkedIn outreach, Upwork, cold email, partnerships, webinars, content, niche positioning, networking, and free pilots.","New consultancy has no clients yet, small budget, and is overwhelmed by too many acquisition channels such as LinkedIn outreach, Upwork, cold email, partnerships, webinars, content, niche positioning, networking, and free pilots.","Early-stage B2B service team trying to get first clients and choose where to focus outreach; likely receptive to concrete prospects, source links, pain summaries, and low-risk outreach angles.","Early-stage B2B service team trying to get first clients and choose where to focus outreach; likely receptive to concrete prospects, source links, pain summaries, and low-risk outreach angles.","Saw your post about starting the Power BI consultancy from zero. If useful, I can share a few examples of US businesses already asking for dashboard/reporting help, with the original threads and what angle I’d use to reply.","Saw your post about starting the Power BI consultancy from zero. If useful, I can share a few examples of US businesses already asking for dashboard/reporting help, with the original threads and what angle I’d use to reply.","Open the source, verify recent context, rerun the copy gate if replying, then manually send at low frequency."
6,P1,88,88,llm_verified,Creator and content services,内容营销/短视频服务商经营者,reddit,/u/Sad_Hour1526,https://www.reddit.com/user/Sad_Hour1526,,manual_public_source,llm_verified_customer,https://www.reddit.com/r/content_marketing/comments/1srp5jd/inconsistent_lead_generation/,2026-04-21T14:23:00+00:00,Inconsistent Lead generation!!!,内容营销服务已验证可卖，但客户主要靠手动 outreach，缺少稳定线索来源，增长被拖慢。,内容营销服务已验证可卖，但客户主要靠手动 outreach，缺少稳定线索来源，增长被拖慢。,找正在做短视频、但表达过内容策略/脚本/剪辑困惑的老板或小团队，附原帖和痛点摘要。,找正在做短视频、但表达过内容策略/脚本/剪辑困惑的老板或小团队，附原帖和痛点摘要。,看到你说现在客户主要靠手动 outreach，增长节奏被拖慢。你们想找的是已经在做短视频、但内容没想明白的老板对吧？我这边可以整理几条这类人最近发的需求给你先看看。,看到你说现在客户主要靠手动 outreach，增长节奏被拖慢。你们想找的是已经在做短视频、但内容没想明白的老板对吧？我这边可以整理几条这类人最近发的需求给你先看看。,"Open the source, verify recent context, rerun the copy gate if replying, then manually send at low frequency."
7,P1,87,87,llm_verified,Home services and contractors,本地电工服务经营者/承包商,reddit,/u/mannysteezu,https://www.reddit.com/user/mannysteezu,,manual_public_source,llm_verified_customer,https://www.reddit.com/r/electricians/comments/1sz0cxf/need_help/,2026-04-29T14:24:54+00:00,Need help,在Florida刚拿到master资质并有保险，想找住宅或商业服务订单；试过Thumbtack、Angi等平台，买到的leads没人回复，感觉白花钱。,在Florida刚拿到master资质并有保险，想找住宅或商业服务订单；试过Thumbtack、Angi等平台，买到的leads没人回复，感觉白花钱。,可围绕“减少无回应平台名单，优先找近期有电工维修/商业服务需求的人和帖子来源”切入。,可围绕“减少无回应平台名单，优先找近期有电工维修/商业服务需求的人和帖子来源”切入。,看到你说 Thumbtack/Angi 花了钱没人回，这种最烦。你现在主要想接住宅维修还是商业项目？,看到你说 Thumbtack/Angi 花了钱没人回，这种最烦。你现在主要想接住宅维修还是商业项目？,"Open the source, verify recent context, rerun the copy gate if replying, then manually send at low frequency."
8,P1,87,87,llm_verified,Clinics and wellness,chiropractic clinic owner/operator evaluating patient acquisition vendors,reddit,/u/Azrael_Manatheren,https://www.reddit.com/user/Azrael_Manatheren,,manual_public_source,llm_verified_customer,https://www.reddit.com/r/Chiropractic/comments/1ois6wb/anyone_have_experience_with_deardoc/,2025-10-29T01:51:14+00:00,Anyone have experience with DearDoc?,被 DearDoc 推销营销/获客/口碑管理服务，担心新患者数量、合同取消、交付透明度和 ROI，不信任强推式销售。,被 DearDoc 推销营销/获客/口碑管理服务，担心新患者数量、合同取消、交付透明度和 ROI，不信任强推式销售。,可以切入“先看真实可跟进的新患者需求，再决定要不要投入营销服务”，强调透明来源和具体需求上下文。,可以切入“先看真实可跟进的新患者需求，再决定要不要投入营销服务”，强调透明来源和具体需求上下文。,"Saw your DearDoc post — that kind of pushy pitch is frustrating. If you’re mainly trying to see real patient demand before committing to another vendor, I may have a useful angle.","Saw your DearDoc post — that kind of pushy pitch is frustrating. If you’re mainly trying to see real patient demand before committing to another vendor, I may have a useful angle.","Open the source, verify recent context, rerun the copy gate if replying, then manually send at low frequency."
9,P0,92,92,llm_verified,Marketing agencies,small web infrastructure company operator,Reddit 私信 / 评论,1stgen_runner,,,manual_public_source,llm_verified_customer,https://www.reddit.com/r/smallbusiness/comments/1rwgkrj/anyone_else_struggle_with_high_client_acquisition/,2026-04-20T02:58:05+00:00,1stgen_runner,服务型公司获客成本高，正在为 client acquisition costs 发愁。,服务型公司获客成本高，正在为 client acquisition costs 发愁。,可围绕其 web infrastructure 服务，提供近期正在找建站、托管、性能、安全、迁移、维护支持的业务主线索，并附来源和痛点摘要，帮助减少无效触达。,可围绕其 web infrastructure 服务，提供近期正在找建站、托管、性能、安全、迁移、维护支持的业务主线索，并附来源和痛点摘要，帮助减少无效触达。,"Saw your post about acquisition costs — for a web infra shop, are you mainly stuck on finding the right companies to talk to, or on getting replies after outreach?","Saw your post about acquisition costs — for a web infra shop, are you mainly stuck on finding the right companies to talk to, or on getting replies after outreach?","Open the source, verify recent context, rerun the copy gate if replying, then manually send at low frequency."
10,P0,92,92,llm_verified,B2B SaaS and startups,B2B SaaS / startup operator,reddit,/u/janpaulo,https://www.reddit.com/user/janpaulo,,manual_public_source,llm_verified_customer,https://www.reddit.com/r/startups/comments/1s4qoph/struggling_to_get_b2b_leads_and_need_some_insight/,2026-03-27T01:42:12+00:00,Struggling to get B2B leads and need some insight - I will not promote,"Small software startup says B2B lead generation has been rough; ads, social posts, cold emails, calls, and Apollo lists have not produced leads or revenue, and they are asking what channel actually brings B2B leads.","Small software startup says B2B lead generation has been rough; ads, social posts, cold emails, calls, and Apollo lists have not produced leads or revenue, and they are asking what channel actually brings B2B leads.","Offer a small set of recent B2B software demand posts with source links, context, and a safe reply angle so they can compare against ads, Apollo lists, and cold outreach.","Offer a small set of recent B2B software demand posts with source links, context, and a safe reply angle so they can compare against ads, Apollo lists, and cold outreach.","Saw your post about ads, Apollo lists, cold emails, and calls not really bringing revenue. I’ve been tracking recent posts where companies are already asking for software help — could send a few examples if useful.","Saw your post about ads, Apollo lists, cold emails, and calls not really bringing revenue. I’ve been tracking recent posts where companies are already asking for software help — could send a few examples if useful.","Open the source, verify recent context, rerun the copy gate if replying, then manually send at low frequency."
