rank,priority,industry_label,quality_score,source,platform,author,source_url,published_at,title,signal_summary,recommended_offer,first_message,next_action
1,P0,Marketing agencies,100,existing_live_targets,Reddit 私信 / 评论,LegitimateSale994,https://www.reddit.com/r/marketingagency/comments/1rvl7z6/how_to_find_clients/,2026-04-20T02:58:05+00:00,"How to find clients Hi guys, I started a full service marketing agency last year by myself.","How to find clients Hi guys, I started a full service marketing agency last year by myself. At that time, I had a client who i was offering consulting services full time but now I","999 pilot: 30-50 high-intent prospects in your niche, with source links and opener angles.","Hi LegitimateSale994, saw your post about ""How to find clients Hi guys, I started a full service marketing agency last year by myself."". I run LeadPulse, which finds public buying-intent posts and turns them into cleaned lead lists with source links and opener angles. For your case, the relevant offer is: 999 pilot: 30-50 high-intent prospects in your niche, with source links and opener angles. Want me to send a 5-lead sample first?","Open source URL, verify the poster is a real buyer, then send the sample-first message."
2,P0,Marketing agencies,100,reddit_rss,reddit,/u/SocialStrategist789,https://www.reddit.com/r/socialmedia/comments/1s8uu2c/how_to_find_clients_for_my_smma/,2026-03-31T17:56:56+00:00,How to find clients for my SMMA,"How to find clients for my SMMA. I run a social media agency that offers social media management, content creation, branding, and strategy services. Recently, our clients having been dropping like flies due to budget...","999 pilot: 30-50 high-intent prospects in your niche, with source links and opener angles.","Hi /u/SocialStrategist789, saw your post about ""How to find clients for my SMMA"". I run LeadPulse, which finds public buying-intent posts and turns them into cleaned lead lists with source links and opener angles. For your case, the relevant offer is: 999 pilot: 30-50 high-intent prospects in your niche, with source links and opener angles. Want me to send a 5-lead sample first?","Open source URL, verify the poster is a real buyer, then send the sample-first message."
3,P0,Local services,100,reddit_rss,reddit,/u/SuspiciousPage6851,https://www.reddit.com/r/sweatystartup/comments/1lqnt6r/how_to_scale_as_a_junk_removal_business_in/,2025-07-03T12:03:19+00:00,How to Scale as a Junk Removal Business in Australia,How to Scale as a Junk Removal Business in Australia. We are a junk removal business who have been operating for about 4 months now - business is starting to pick up and we are beginning to make some decent money. Now...,"999 pilot: local demand scan for people asking for quotes, referrals, estimates, or booking help.","Hi /u/SuspiciousPage6851, saw your post about ""How to Scale as a Junk Removal Business in Australia"". I run LeadPulse, which finds public buying-intent posts and turns them into cleaned lead lists with source links and opener angles. For your case, the relevant offer is: 999 pilot: local demand scan for people asking for quotes, referrals, estimates, or booking help. Want me to send a 5-lead sample first?","Open source URL, verify the poster is a real buyer, then send the sample-first message."
4,P0,Marketing agencies,100,reddit_rss,reddit,/u/Upstairs_Wasabi606,https://www.reddit.com/r/DigitalMarketing/comments/1sue07d/digital_agencies_whats_actually_working_for_lead/,2026-04-24T12:14:43+00:00,"Digital agencies, what's actually working for lead gen right now? (Not the generic stuff)","Digital agencies, what's actually working for lead gen right now? (Not the generic stuff). So I've been seeing a lot of posts about lead generation but honestly most of the advice feels like it was written in 2018....","999 pilot: 30-50 high-intent prospects in your niche, with source links and opener angles.","Hi /u/Upstairs_Wasabi606, saw your post about ""Digital agencies, what's actually working for lead gen right now? (Not the generic stuff)"". I run LeadPulse, which finds public buying-intent posts and turns them into cleaned lead lists with source links and opener angles. For your case, the relevant offer is: 999 pilot: 30-50 high-intent prospects in your niche, with source links and opener angles. Want me to send a 5-lead sample first?","Open source URL, verify the poster is a real buyer, then send the sample-first message."
5,P0,Real estate,100,reddit_rss,reddit,/u/username1225,https://www.reddit.com/r/realestateinvesting/comments/1nucd44/marketing_agencies_where_to_start/,2025-09-30T12:52:06+00:00,Marketing Agencies. Where to start?,"Marketing Agencies. Where to start?. Hello, does anyone use a marketing agency for lead generation? I went down the rabbit hole of creating facebook ads. I spent 10+ hours creating ads, setting up campaigns, etc. and...",999 pilot: buyer/seller/agent lead-intent scan with follow-up angles.,"Hi /u/username1225, saw your post about ""Marketing Agencies. Where to start?"". I run LeadPulse, which finds public buying-intent posts and turns them into cleaned lead lists with source links and opener angles. For your case, the relevant offer is: 999 pilot: buyer/seller/agent lead-intent scan with follow-up angles. Want me to send a 5-lead sample first?","Open source URL, verify the poster is a real buyer, then send the sample-first message."
6,P0,Marketing agencies,100,existing_live_targets,Reddit 私信 / 评论,1stgen_runner,https://www.reddit.com/r/smallbusiness/comments/1rwgkrj/anyone_else_struggle_with_high_client_acquisition/,2026-04-20T02:58:05+00:00,Anyone else struggle with high client acquisition costs in a service business?,Anyone else struggle with high client acquisition costs in a service business? I run a small web infrastructure company and my biggest challenge right now is client acquisition cos,"999 pilot: 30-50 high-intent prospects in your niche, with source links and opener angles.","Hi 1stgen_runner, saw your post about ""Anyone else struggle with high client acquisition costs in a service business?"". I run LeadPulse, which finds public buying-intent posts and turns them into cleaned lead lists with source links and opener angles. For your case, the relevant offer is: 999 pilot: 30-50 high-intent prospects in your niche, with source links and opener angles. Want me to send a 5-lead sample first?","Open source URL, verify the poster is a real buyer, then send the sample-first message."
7,P0,Legal and accounting,100,reddit_rss,reddit,/u/kinglucktsui,https://www.reddit.com/r/Lawyertalk/comments/1suiaxv/pi_attorneys_how_are_you_actually_getting_cases/,2026-04-24T15:04:06+00:00,PI attorneys - how are you actually getting cases?,"PI attorneys - how are you actually getting cases?. Just opened my own PI shop in California. A few months in, and I'm realizing how little honest information there is out there about client acquisition for firms my...",999 pilot: intake and consultation demand scan for your practice area.,"Hi /u/kinglucktsui, saw your post about ""PI attorneys - how are you actually getting cases?"". I run LeadPulse, which finds public buying-intent posts and turns them into cleaned lead lists with source links and opener angles. For your case, the relevant offer is: 999 pilot: intake and consultation demand scan for your practice area. Want me to send a 5-lead sample first?","Open source URL, verify the poster is a real buyer, then send the sample-first message."
8,P0,Restaurants and hospitality,100,reddit_rss,reddit,/u/Used_Rhubarb_9265,https://www.reddit.com/r/restaurantowners/comments/1sdk7oq/how_do_i_get_more_customers_to_my_restaurant/,2026-04-06T00:45:48+00:00,How do I get more customers to my restaurant without relying on DoorDash?,How do I get more customers to my restaurant without relying on DoorDash?. Running a full-service Italian restaurant doing okay on weekends but weekdays are slow. We're on DoorDash and Uber Eats but the fees are...,999 pilot: local demand and event/catering/reservation intent scan.,"Hi /u/Used_Rhubarb_9265, saw your post about ""How do I get more customers to my restaurant without relying on DoorDash?"". I run LeadPulse, which finds public buying-intent posts and turns them into cleaned lead lists with source links and opener angles. For your case, the relevant offer is: 999 pilot: local demand and event/catering/reservation intent scan. Want me to send a 5-lead sample first?","Open source URL, verify the poster is a real buyer, then send the sample-first message."
9,P0,Restaurants and hospitality,94,reddit_rss,reddit,/u/goxper,https://www.reddit.com/r/restaurantowners/comments/1qmyv87/whats_your_goto_channel_for_bringing_in_new/,2026-01-25T23:15:02+00:00,What's your go-to channel for bringing in new customers online?,"What's your go-to channel for bringing in new customers online?. Hey . Restaurant owner here, 3 years in. We've tried a bit of everything: Instagram, Facebook promos, Google Ads, you name it. Lately we've been...",999 pilot: local demand and event/catering/reservation intent scan.,"Hi /u/goxper, saw your post about ""What's your go-to channel for bringing in new customers online?"". I run LeadPulse, which finds public buying-intent posts and turns them into cleaned lead lists with source links and opener angles. For your case, the relevant offer is: 999 pilot: local demand and event/catering/reservation intent scan. Want me to send a 5-lead sample first?","Open source URL, verify the poster is a real buyer, then send the sample-first message."
10,P0,Marketing agencies,100,reddit_rss,reddit,/u/ehsaanshah303,https://www.reddit.com/r/DigitalMarketing/comments/1t5mfam/emails_vs_cold_dms_which_is_better_for_starting/,2026-05-06T19:02:09+00:00,Emails vs Cold DMs - which is better for starting agency?,"Emails vs Cold DMs - which is better for starting agency?. Hello, So I wanted to know for web design or service agency that is just starting up like us, targeting local businesses in the US, what key platforms or...","999 pilot: 30-50 high-intent prospects in your niche, with source links and opener angles.","Hi /u/ehsaanshah303, saw your post about ""Emails vs Cold DMs - which is better for starting agency?"". I run LeadPulse, which finds public buying-intent posts and turns them into cleaned lead lists with source links and opener angles. For your case, the relevant offer is: 999 pilot: 30-50 high-intent prospects in your niche, with source links and opener angles. Want me to send a 5-lead sample first?","Open source URL, verify the poster is a real buyer, then send the sample-first message."
11,P0,Recruiting and staffing,100,reddit_rss,reddit,/u/Ok-Understanding5011,https://www.reddit.com/r/sales/comments/1oe12kd/does_anyone_have_their_cold_email_prospecting/,2025-10-23T11:45:52+00:00,Does anyone have their cold email prospecting automated with AI Agent?,"Does anyone have their cold email prospecting automated with AI Agent?. Hi everyone, I've been digging around here but haven't found anything really specific on using an AI agent for cold outreach only via email-...",999 pilot: find companies and operators discussing hiring/client acquisition pain.,"Hi /u/Ok-Understanding5011, saw your post about ""Does anyone have their cold email prospecting automated with AI Agent?"". I run LeadPulse, which finds public buying-intent posts and turns them into cleaned lead lists with source links and opener angles. For your case, the relevant offer is: 999 pilot: find companies and operators discussing hiring/client acquisition pain. Want me to send a 5-lead sample first?","Open source URL, verify the poster is a real buyer, then send the sample-first message."
12,P0,Coaches and consultants,100,reddit_rss,reddit,/u/QuitIndividual5435,https://www.reddit.com/r/freelance/comments/1rliif2/every_time_i_ask_about_getting_clients_people/,2026-03-05T14:06:49+00:00,"Every time I ask about getting clients, people recommend SaaS tools - are they actually reliable?","Every time I ask about getting clients, people recommend SaaS tools - are they actually reliable?. Hey everyone, I've noticed something interesting. Every time I ask about finding clients for my dev/web agency, I end...","999 pilot: find people asking for recommendations, solutions, and discovery-call help.","Hi /u/QuitIndividual5435, saw your post about ""Every time I ask about getting clients, people recommend SaaS tools - are they actually..."". I run LeadPulse, which finds public buying-intent posts and turns them into cleaned lead lists with source links and opener angles. For your case, the relevant offer is: 999 pilot: find people asking for recommendations, solutions, and discovery-call help. Want me to send a 5-lead sample first?","Open source URL, verify the poster is a real buyer, then send the sample-first message."
13,P0,Clinics and wellness,94,reddit_rss,reddit,/u/FlyHungry7039,https://www.reddit.com/r/Chiropractic/comments/1pp83we/how_long_does_it_take_to_grow_the_practice_more/,2025-12-17T21:06:23+00:00,How long does it take to grow the practice more?,"How long does it take to grow the practice more?. It's been exactly two years since I opened my own practice. It's a cash-based office, no insurance. Honestly, the first year went better than I expected. At the...",999 pilot: public patient-acquisition signal scan; no private health data.,"Hi /u/FlyHungry7039, saw your post about ""How long does it take to grow the practice more?"". I run LeadPulse, which finds public buying-intent posts and turns them into cleaned lead lists with source links and opener angles. For your case, the relevant offer is: 999 pilot: public patient-acquisition signal scan; no private health data. Want me to send a 5-lead sample first?","Open source URL, verify the poster is a real buyer, then send the sample-first message."
